,ARIMA,Prophet,LSTM
2024,2.1781130298097495,2.925495252127413,2.6829052
2025,2.101933755278741,2.952104015727049,2.749419
2026,2.0849536819620935,,2.778166
